<?xml version="1.0" encoding="UTF-8"?>
<metadata xml:lang="en"><Esri><CreaDate>20251027</CreaDate><CreaTime>20453200</CreaTime><ArcGISFormat>1.0</ArcGISFormat><SyncOnce>FALSE</SyncOnce><DataProperties><itemProps><itemName Sync="TRUE">GISCREATOR.dow_cafo</itemName><nativeExtBox><westBL Sync="TRUE">108296.824400</westBL><eastBL Sync="TRUE">640841.577000</eastBL><southBL Sync="TRUE">4503632.883800</southBL><northBL Sync="TRUE">4982641.007500</northBL><exTypeCode Sync="TRUE">1</exTypeCode></nativeExtBox><imsContentType Sync="TRUE">002</imsContentType></itemProps><coordRef><type Sync="TRUE">Projected</type><geogcsn Sync="TRUE">GCS_North_American_1983</geogcsn><csUnits Sync="TRUE">Linear Unit: Meter (1.000000)</csUnits><projcsn Sync="TRUE">NAD_1983_UTM_Zone_18N</projcsn><peXml Sync="TRUE">&lt;ProjectedCoordinateSystem xsi:type='typens:ProjectedCoordinateSystem' xmlns:xsi='http://www.w3.org/2001/XMLSchema-instance' xmlns:xs='http://www.w3.org/2001/XMLSchema' xmlns:typens='http://www.esri.com/schemas/ArcGIS/10.8'&gt;&lt;WKT&gt;PROJCS[&amp;quot;NAD_1983_UTM_Zone_18N&amp;quot;,GEOGCS[&amp;quot;GCS_North_American_1983&amp;quot;,DATUM[&amp;quot;D_North_American_1983&amp;quot;,SPHEROID[&amp;quot;GRS_1980&amp;quot;,6378137.0,298.257222101]],PRIMEM[&amp;quot;Greenwich&amp;quot;,0.0],UNIT[&amp;quot;Degree&amp;quot;,0.0174532925199433]],PROJECTION[&amp;quot;Transverse_Mercator&amp;quot;],PARAMETER[&amp;quot;False_Easting&amp;quot;,500000.0],PARAMETER[&amp;quot;False_Northing&amp;quot;,0.0],PARAMETER[&amp;quot;Central_Meridian&amp;quot;,-75.0],PARAMETER[&amp;quot;Scale_Factor&amp;quot;,0.9996],PARAMETER[&amp;quot;Latitude_Of_Origin&amp;quot;,0.0],UNIT[&amp;quot;Meter&amp;quot;,1.0],AUTHORITY[&amp;quot;EPSG&amp;quot;,26918]]&lt;/WKT&gt;&lt;XOrigin&gt;-5120900&lt;/XOrigin&gt;&lt;YOrigin&gt;-9998100&lt;/YOrigin&gt;&lt;XYScale&gt;10000&lt;/XYScale&gt;&lt;ZOrigin&gt;0&lt;/ZOrigin&gt;&lt;ZScale&gt;1&lt;/ZScale&gt;&lt;MOrigin&gt;0&lt;/MOrigin&gt;&lt;MScale&gt;1&lt;/MScale&gt;&lt;XYTolerance&gt;0.001&lt;/XYTolerance&gt;&lt;ZTolerance&gt;0.001&lt;/ZTolerance&gt;&lt;MTolerance&gt;0.001&lt;/MTolerance&gt;&lt;HighPrecision&gt;true&lt;/HighPrecision&gt;&lt;WKID&gt;26918&lt;/WKID&gt;&lt;LatestWKID&gt;26918&lt;/LatestWKID&gt;&lt;/ProjectedCoordinateSystem&gt;</peXml></coordRef></DataProperties><ArcGISstyle>FGDC CSDGM Metadata</ArcGISstyle><SyncDate>20251024</SyncDate><SyncTime>07424800</SyncTime><ModDate>20251024</ModDate><ModTime>07424800</ModTime><scaleRange><minScale>150000000</minScale><maxScale>5000</maxScale></scaleRange><ArcGISProfile>FGDC</ArcGISProfile></Esri><mdContact><rpIndName>Division of Water </rpIndName><rpOrgName>New York State Department of Environmental Conservation</rpOrgName><rpCntInfo><cntAddress><delPoint>625 Broadway </delPoint><city>Albany </city><adminArea>NY</adminArea><postCode>12233</postCode><eMailAdd>DOWinformation@dec.ny.gov</eMailAdd></cntAddress><cntPhone><voiceNum>518-402-8086</voiceNum></cntPhone></rpCntInfo><displayName>Division of Water </displayName></mdContact><dataIdInfo><idCitation><resTitle Sync="TRUE">GISCREATOR.dow_cafo</resTitle><citRespParty><rpIndName>Division of Water </rpIndName><rpOrgName>New York State Department of Environmental Conservation</rpOrgName><role><RoleCd value="002"/></role><rpCntInfo><cntAddress><delPoint>625 Broadway </delPoint><city>Albany </city><adminArea>NY</adminArea><postCode>12233</postCode><eMailAdd>DOWinformation@dec.ny.gov</eMailAdd></cntAddress><cntPhone><voiceNum>518-402-8086</voiceNum></cntPhone></rpCntInfo></citRespParty><presForm><PresFormCd value="005" Sync="TRUE"/></presForm><date><reviseDate>2025-10-23T00:00:00</reviseDate></date></idCitation><idPurp>Concentrated Animal Feeding Operations (CAFOs) </idPurp><idAbs>&lt;DIV STYLE="text-align:Left;"&gt;&lt;DIV&gt;&lt;DIV&gt;&lt;P&gt;&lt;SPAN&gt;Concentrated Animal Feeding Operations (CAFOs) are farms that meet herd size thresholds and that also confine those animals for 45 days or longer during any 12-month period in an area that does not produce vegetation. CAFOs are covered under the &lt;/SPAN&gt;&lt;A href="https://www.dec.ny.gov/docs/water_pdf/eclcafopermit(1).pdf"&gt;&lt;SPAN&gt;CAFO General Permit (PDF).&lt;/SPAN&gt;&lt;/A&gt;&lt;/P&gt;&lt;P&gt;&lt;SPAN&gt;For more information see &lt;/SPAN&gt;&lt;A href="https://dec.ny.gov/regulatory/permits-licenses/wastewater-stormwater-water-withdrawal/spdes-permit-program/concentrated-animal-feeding-operations"&gt;&lt;SPAN&gt;https://dec.ny.gov/regulatory/permits-licenses/wastewater-stormwater-water-withdrawal/spdes-permit-program/concentrated-animal-feeding-operations&lt;/SPAN&gt;&lt;/A&gt;&lt;/P&gt;&lt;/DIV&gt;&lt;/DIV&gt;&lt;/DIV&gt;</idAbs><searchKeys><keyword>NYSDEC; animal; feeding ;CAFO; farm</keyword></searchKeys><idCredit>Division of Water </idCredit><resConst><Consts><useLimit>&lt;DIV STYLE="text-align:Left;"&gt;&lt;DIV&gt;&lt;DIV&gt;&lt;P&gt;&lt;SPAN&gt;(1.) The NYS DEC asks to be credited in derived products. (2.) Secondary Distribution of the data is not allowed. (3.) Any documentation provided is an integral part of the data set. Failure to use the documentation in conjunction with the digital data constitutes misuse of the data. (4.) Although every effort has been made to ensure the accuracy of information, errors may be reflected in the data supplied. The user must be aware of data conditions and bear responsibility for the appropriate use of the information with respect to possible errors, original map scale, collection methodology, currency of data, and other conditions.&lt;/SPAN&gt;&lt;/P&gt;&lt;/DIV&gt;&lt;/DIV&gt;&lt;/DIV&gt;</useLimit></Consts></resConst><idPoC><rpIndName>Division of Water </rpIndName><rpOrgName>New York State Department of Environmental Conservation</rpOrgName><rpCntInfo><cntAddress><delPoint>625 Broadway </delPoint><city>Albany </city><adminArea>NY</adminArea><postCode>12233</postCode><eMailAdd>DOWinformation@dec.ny.gov</eMailAdd></cntAddress><cntPhone><voiceNum>518-402-8086</voiceNum></cntPhone></rpCntInfo><displayName>Division of Water </displayName></idPoC><envirDesc Sync="TRUE"> Version 6.2 (Build 9200) ; Esri ArcGIS 10.8.1.14362</envirDesc><dataLang><languageCode value="eng" Sync="TRUE"/><countryCode value="USA" Sync="TRUE"/></dataLang><spatRpType><SpatRepTypCd value="001" Sync="TRUE"/></spatRpType><dataExt><geoEle><GeoBndBox esriExtentType="search"><exTypeCode Sync="TRUE">1</exTypeCode><westBL Sync="TRUE">-79.960323</westBL><eastBL Sync="TRUE">-73.213539</eastBL><northBL Sync="TRUE">44.997215</northBL><southBL Sync="TRUE">40.590742</southBL></GeoBndBox></geoEle></dataExt></dataIdInfo><eainfo><detailed Name="GISCREATOR.dow_cafo"><enttyp><enttypl Sync="TRUE">GISCREATOR.dow_cafo</enttypl><enttypt Sync="TRUE">Feature Class</enttypt><enttypc Sync="TRUE">463</enttypc></enttyp><attr><attrlabl Sync="TRUE">OBJECTID</attrlabl><attalias Sync="TRUE">OBJECTID</attalias><attrtype Sync="TRUE">OID</attrtype><attwidth Sync="TRUE">4</attwidth><atprecis Sync="TRUE">10</atprecis><attscale Sync="TRUE">0</attscale><attrdef Sync="TRUE">Internal feature number.</attrdef><attrdefs Sync="TRUE">Esri</attrdefs><attrdomv><udom Sync="TRUE">Sequential unique whole numbers that are automatically generated.</udom></attrdomv></attr><attr><attrlabl Sync="TRUE">FACILITY_SIZE</attrlabl><attalias Sync="TRUE">FACILITY_SIZE</attalias><attrtype Sync="TRUE">String</attrtype><attwidth Sync="TRUE">50</attwidth><atprecis Sync="TRUE">0</atprecis><attscale Sync="TRUE">0</attscale><attrdef>farm size</attrdef><attrdefs>NYSDEC</attrdefs></attr><attr><attrlabl Sync="TRUE">FM_REG</attrlabl><attalias Sync="TRUE">FM_REG</attalias><attrtype Sync="TRUE">String</attrtype><attwidth Sync="TRUE">255</attwidth><atprecis Sync="TRUE">0</atprecis><attscale Sync="TRUE">0</attscale><attrdef>fm_reg</attrdef><attrdefs>NYSDEC</attrdefs></attr><attr><attrlabl Sync="TRUE">SPDES_ID</attrlabl><attalias Sync="TRUE">SPDES_ID</attalias><attrtype Sync="TRUE">String</attrtype><attwidth Sync="TRUE">255</attwidth><atprecis Sync="TRUE">0</atprecis><attscale Sync="TRUE">0</attscale><attrdef>SPDES ID Numeber</attrdef><attrdefs>NYSDEC</attrdefs></attr><attr><attrlabl Sync="TRUE">FACILITY_NAME</attrlabl><attalias Sync="TRUE">FACILITY_NAME</attalias><attrtype Sync="TRUE">String</attrtype><attwidth Sync="TRUE">255</attwidth><atprecis Sync="TRUE">0</atprecis><attscale Sync="TRUE">0</attscale><attrdef>facility name</attrdef><attrdefs>NYSDEC</attrdefs></attr><attr><attrlabl Sync="TRUE">LAT</attrlabl><attalias Sync="TRUE">LAT</attalias><attrtype Sync="TRUE">Double</attrtype><attwidth Sync="TRUE">8</attwidth><atprecis Sync="TRUE">38</atprecis><attscale Sync="TRUE">8</attscale><attrdef>latitude</attrdef><attrdefs>NYSDEC</attrdefs></attr><attr><attrlabl Sync="TRUE">LON</attrlabl><attalias Sync="TRUE">LON</attalias><attrtype Sync="TRUE">Double</attrtype><attwidth Sync="TRUE">8</attwidth><atprecis Sync="TRUE">38</atprecis><attscale Sync="TRUE">8</attscale><attrdef>longitude</attrdef><attrdefs>NYSDEC</attrdefs></attr><attr><attrlabl Sync="TRUE">MOREINFO</attrlabl><attalias Sync="TRUE">MOREINFO</attalias><attrtype Sync="TRUE">String</attrtype><attwidth Sync="TRUE">250</attwidth><atprecis Sync="TRUE">0</atprecis><attscale Sync="TRUE">0</attscale><attrdef>link to additional information </attrdef><attrdefs>NYSDEC</attrdefs></attr><attr><attrlabl Sync="TRUE">SHAPE</attrlabl><attalias Sync="TRUE">SHAPE</attalias><attrtype Sync="TRUE">Geometry</attrtype><attwidth Sync="TRUE">4</attwidth><atprecis Sync="TRUE">0</atprecis><attscale Sync="TRUE">0</attscale><attrdef Sync="TRUE">Feature geometry.</attrdef><attrdefs Sync="TRUE">Esri</attrdefs><attrdomv><udom Sync="TRUE">Coordinates defining the features.</udom></attrdomv></attr></detailed></eainfo><mdLang><languageCode value="eng" Sync="TRUE"/><countryCode value="USA" Sync="TRUE"/></mdLang><distInfo><distFormat><formatName Sync="FALSE">Feature Class</formatName></distFormat></distInfo><mdHrLv><ScopeCd value="005" Sync="TRUE"/></mdHrLv><mdHrLvName Sync="TRUE">dataset</mdHrLvName><refSysInfo><RefSystem><refSysID><identCode code="26918" Sync="TRUE"/><idCodeSpace Sync="TRUE">EPSG</idCodeSpace><idVersion Sync="TRUE">6.13(3.0.1)</idVersion></refSysID></RefSystem></refSysInfo><spatRepInfo><VectSpatRep><geometObjs Name="GISCREATOR.dow_cafo"><geoObjTyp><GeoObjTypCd value="004" Sync="TRUE"/></geoObjTyp><geoObjCnt Sync="TRUE">463</geoObjCnt></geometObjs><topLvl><TopoLevCd value="001" Sync="TRUE"/></topLvl></VectSpatRep></spatRepInfo><spdoinfo><ptvctinf><esriterm Name="GISCREATOR.dow_cafo"><efeatyp Sync="TRUE">Simple</efeatyp><efeageom code="1" Sync="TRUE"/><esritopo Sync="TRUE">FALSE</esritopo><efeacnt Sync="TRUE">463</efeacnt><spindex Sync="TRUE">TRUE</spindex><linrefer Sync="TRUE">FALSE</linrefer></esriterm></ptvctinf></spdoinfo><mdDateSt Sync="TRUE">20251024</mdDateSt></metadata>
